<?xml version="1.0" encoding="UTF-8"?>
<project-private xmlns="http://www.netbeans.org/ns/project-private/1">
    <editor-bookmarks xmlns="http://www.netbeans.org/ns/editor-bookmarks/2" lastBookmarkId="0"/>
    <open-files xmlns="http://www.netbeans.org/ns/projectui-open-files/2">
        <group>
            <file>file:/Users/Nick/NetBeansProjects/CodeFest/Assets/css/main.css</file>
            <file>file:/Users/Nick/NetBeansProjects/CodeFest/Assets/css/bootstrap.css</file>
            <file>file:/Users/Nick/NetBeansProjects/CodeFest/index.html</file>
            <file>file:/Users/Nick/NetBeansProjects/CodeFest/about.html</file>
        </group>
    </open-files>
</project-private>
